Name,Symbol,Industry Group,Base Rev FY24 (Cr),End Rev FY26 (Cr),2Y CAGR (%),CAGR Status,TTM Rev (Cr),TTM vs End FY (%),Current Price (INR),Price 2Y Ago (INR),% Away,ROCE (%),Error
A B Lifestyle,ABLBL.NS,Retailing,,,,,,,,,,,"Not enough data. Need 3 years, got 2: ['FY25', 'FY26']"
3M India,3MINDIA.NS,Diversified,3336.0,4189.0,12.1,FAIL,4186.0,-0.1,34940.0,38071.0,-8.2,40.5,
A B Real Estate,ABREL.NS,Realty,1101.0,407.0,-39.2,FAIL,407.0,0.0,1378.1,2329.35,-40.8,-4.3,
360 ONE,360ONE.NS,Capital Markets,2921.0,4362.0,22.2,PASS,4621.0,5.9,1142.9,1110.44,2.9,12.1,
A B B,ABB.NS,Electrical Equipment,7608.0,13203.0,31.7,PASS,13093.0,-0.8,7291.5,7791.47,-6.4,29.9,
AAVAS Financiers,AAVAS.NS,Finance,1304.0,2018.0,24.4,PASS,2018.0,0.0,1362.6,1675.65,-18.7,9.91,
ACC,ACC.NS,Cement & Cement Products,19959.0,25962.0,14.1,FAIL,25442.0,-2.0,1356.5,2565.39,-47.1,11.2,
Aarti Industries,AARTIIND.NS,Chemicals & Petrochemicals,6371.0,8286.0,14.0,FAIL,8286.0,0.0,480.2,746.86,-35.7,6.85,
Aadhar Hsg. Fin.,AADHARHFC.NS,Finance,2587.0,3683.0,19.3,PASS,3683.0,0.0,490.75,446.45,9.9,11.4,
Abbott India,ABBOTINDIA.NS,Pharmaceuticals & Biotechnology,5847.19,6926.9,8.8,FAIL,6929.05,0.0,27555.0,27355.08,0.7,43.4,
Acutaas Chemical,ACUTAAS.NS,Pharmaceuticals & Biotechnology,717.0,1339.0,36.7,PASS,1462.0,9.2,3233.8,666.92,384.9,31.6,
Adani Enterp.,ADANIENT.NS,Metals & Minerals Trading,96421.0,100469.0,2.1,FAIL,111431.0,10.9,3049.1,3166.41,-3.7,5.8,
ACME Solar Hold.,ACMESOLAR.NS,Power,1319.0,2023.0,23.8,PASS,2370.0,17.2,360.7,252.69,42.7,8.89,
Adani Energy Sol,ADANIENSOL.NS,Power,16607.0,27588.0,28.9,PASS,30480.0,10.5,1659.0,1138.05,45.8,9.65,
Action Const.Eq.,ACE.NS,"Agricultural, Commercial & Construction Vehicles",2914.0,3280.0,6.1,FAIL,3414.0,4.1,1057.2,1388.23,-23.8,31.7,
Adani Ports,ADANIPORTS.NS,Transport Infrastructure,26711.0,38736.0,20.4,PASS,40430.0,4.4,1664.1,1555.74,7.0,14.1,
Adani Total Gas,ATGL.NS,Gas,4475.0,5894.0,14.8,FAIL,6269.0,6.4,650.15,894.9,-27.3,15.3,
Adani Power,ADANIPOWER.NS,Power,50351.0,54241.0,3.8,FAIL,59033.0,8.8,208.97,146.89,42.3,17.2,
Adani Green,ADANIGREEN.NS,Power,7792.0,11212.0,20.0,PASS,13559.0,20.9,1358.7,1847.2,-26.4,7.39,
Aditya AMC,ABSLAMC.NS,Capital Markets,1636.0,2056.0,12.1,FAIL,1861.0,-9.5,1008.8,658.03,53.3,32.2,
Aditya Infotech,CPPLUS.NS,Industrial Manufacturing,2782.0,4221.0,23.2,PASS,4221.0,0.0,3259.8,1082.16,201.2,28.6,
Aegis Vopak Term,AEGISVOPAK.NS,Oil,562.0,923.0,28.2,PASS,923.0,0.0,292.3,241.82,20.9,7.56,
Aditya Birla Cap,ABCAPITAL.NS,Finance,33958.0,45513.0,15.8,PASS,45513.0,0.0,394.05,226.88,73.7,8.72,
Aegis Logistics,AEGISLOG.NS,Gas,7046.0,8333.0,8.8,FAIL,8333.0,0.0,1249.3,816.54,53.0,13.3,
Aditya Bir. Fas.,ABFRL.NS,Retailing,6441.0,8177.0,12.7,FAIL,8177.0,0.0,58.94,343.7,-82.9,7.1,
AIA Engineering,AIAENG.NS,Industrial Products,4854.0,4420.0,-4.6,FAIL,4420.0,0.0,4563.5,4581.3,-0.4,21.1,
Alkem Lab,ALKEM.NS,Pharmaceuticals & Biotechnology,12668.0,14712.0,7.8,FAIL,14712.0,0.0,5816.5,5212.58,11.6,21.2,
Affle 3i,AFFLE.NS,IT - Services,1843.0,2709.0,21.2,PASS,2709.0,0.0,1622.7,1510.1,7.5,16.8,
Afcons Infrastr.,AFCONS.NS,Construction,13268.0,11948.0,-5.1,FAIL,11948.0,0.0,273.25,468.1,-41.6,13.9,
Ajanta Pharma,AJANTPHARM.NS,ptus,4209.0,5453.0,13.8,FAIL,5776.0,5.9,3436.4,2641.22,30.1,34.5,
Amara Raja Ener.,ARE&M.NS,Auto Components,11708.0,13814.0,8.6,FAIL,13814.0,0.0,906.85,1592.08,-43.0,12.2,
Allied Blenders,ABDL.NS,Beverages,3328.0,3923.0,8.6,FAIL,3979.0,1.4,648.45,303.03,114.0,18.4,
Ambuja Cements,AMBUJACEM.NS,Cement & Cement Products,38937.0,35336.0,-4.7,FAIL,39867.0,12.8,434.2,674.13,-35.6,5.61,
Anand Rathi Wea.,ANANDRATHI.NS,Capital Markets,724.32,1148.83,25.9,PASS,1401.25,22.0,2039.3,935.39,118.0,53.1,
Amber Enterp.,AMBER.NS,Consumer Durables,6530.75,12186.48,36.6,PASS,12186.48,-0.0,7401.0,4334.5,70.7,11.7,
Anupam Rasayan,ANURAS.NS,Chemicals & Petrochemicals,1475.0,2365.0,26.6,PASS,2365.0,0.0,1210.8,782.67,54.7,7.36,
Apar Inds.,APARINDS.NS,Electrical Equipment,16153.0,22902.0,19.1,PASS,24389.0,6.5,13745.0,9119.03,50.7,31.1,
Anthem Bioscienc,ANTHEM.NS,Pharmaceuticals & Biotechnology,1419.37,2124.33,22.3,PASS,2007.33,-5.5,784.4,728.45,7.7,31.1,
Angel One,ANGELONE.NS,Capital Markets,3397.04,4305.41,12.6,FAIL,4986.23,15.8,291.65,208.74,39.7,28.9,
Anant Raj,ANANTRAJ.NS,Realty,1483.3,2511.6,30.1,PASS,2511.6,0.0,609.6,554.43,10.0,12.1,
APL Apollo Tubes,APLAPOLLO.NS,Industrial Products,18119.0,23079.0,12.9,FAIL,23079.0,0.0,1893.1,1474.67,28.4,31.6,
Apollo Tyres,APOLLOTYRE.NS,Auto Components,25378.0,28471.0,5.9,FAIL,28471.0,0.0,423.2,542.91,-22.0,13.9,
Asahi India Glas,ASAHIINDIA.NS,Auto Components,4306.01,4906.02,6.7,FAIL,4989.93,1.7,869.3,662.79,31.2,15.4,
Apollo Hospitals,APOLLOHOSP.NS,Healthcare Services,18862.3,25228.5,15.7,PASS,25228.5,-0.0,8988.0,6578.65,36.6,25.4,
Aptus Value Hou.,APTUS.NS,Finance,1021.33,1597.04,25.0,PASS,1533.89,-4.0,277.2,306.53,-9.6,,
Ashok Leyland,ASHOKLEY.NS,"Agricultural, Commercial & Construction Vehicles",45703.0,48314.0,2.8,FAIL,48314.0,0.0,158.09,122.24,29.3,13.6,
Aster DM Health.,ASTERDM.NS,Healthcare Services,3699.0,4643.0,12.0,FAIL,4643.0,0.0,814.0,340.34,139.2,11.4,
Astral,ASTRAL.NS,Industrial Products,5628.8,6568.6,8.0,FAIL,6568.6,-0.0,1471.9,2178.32,-32.4,24.4,
Asian Paints,ASIANPAINT.NS,Consumer Durables,35395.42,35540.9,0.2,FAIL,37186.93,4.6,2746.2,3020.07,-9.1,29.2,
Ather Energy,ATHERENERG.NS,Automobiles,1751.1,3662.52,44.6,PASS,3671.76,0.3,1240.9,302.3,310.5,-8.2,
Avenue Super.,DMART.NS,Retailing,50789.0,68821.0,16.4,PASS,71256.0,3.5,3874.0,4935.95,-21.5,17.2,
Aurobindo Pharma,AUROPHARMA.NS,Pharmaceuticals & Biotechnology,29002.0,33653.0,7.7,FAIL,33653.0,0.0,1576.3,1428.79,10.3,12.8,
AU Small Finance,AUBANK.NS,Banks,6855.62,12090.62,32.8,PASS,1061.2,-91.2,1030.7,645.25,59.7,,
Atul,ATUL.NS,Chemicals & Petrochemicals,4668.02,6203.11,15.3,PASS,6643.49,7.1,6803.0,7902.59,-13.9,14.9,
Authum Invest,AIIL.NS,Finance,2239.39,2608.8,7.9,FAIL,2557.6,-2.0,545.9,206.43,164.5,11.2,
Bajaj Auto,BAJAJ-AUTO.NS,Automobiles,44870.0,62905.0,18.4,PASS,71460.0,13.6,11432.0,9294.52,23.0,28.2,
AWL Agri Busine.,AWL.NS,Agricultural Food & other Products,51225.0,74731.0,20.8,PASS,74731.0,0.0,187.58,346.34,-45.8,18.3,
Axis Bank,AXISBANK.NS,Banks,76603.04,88067.31,7.2,FAIL,77081.36,-12.5,1228.9,1164.21,5.6,,
B H E L,BHEL.NS,Electrical Equipment,22920.52,32359.83,18.8,PASS,35992.99,11.2,403.0,313.31,28.6,7.3,
B P C L,BPCL.NS,Petroleum Products,446666.26,455228.03,1.0,FAIL,493953.59,8.5,315.8,312.19,1.2,31.9,
Bajaj Finance,BAJFINANCE.NS,Finance,54972.0,81985.0,22.1,PASS,81985.0,0.0,1053.5,672.39,56.7,10.9,
Bajaj Finserv,BAJAJFINSV.NS,Finance,110382.0,150530.0,16.8,PASS,150530.0,0.0,1909.4,1649.44,15.8,10.6,
Bajaj Holdings,BAJAJHLDNG.NS,Finance,7665.33,8729.18,6.7,FAIL,1123.85,-87.1,10970.0,9379.02,17.0,,
Balkrishna Inds,BALKRISIND.NS,Auto Components,9304.37,10729.61,7.4,FAIL,10642.64,-0.8,2306.9,3281.81,-29.7,19.9,
Bajaj Housing,BAJAJHFL.NS,Finance,7329.46,10838.7,21.6,PASS,4076.47,-62.4,86.52,165.0,-47.6,3.3,
Bank of India,BANKINDIA.NS,Banks,61073.0,75613.0,11.3,FAIL,77244.0,2.2,137.22,117.56,16.7,5.93,
Balrampur Chini,BALRAMCHIN.NS,Agricultural Food & other Products,5594.0,6271.0,5.9,FAIL,6271.0,0.0,596.3,474.46,25.7,9.28,
Bank of Baroda,BANKBARODA.NS,Banks,67901.27,74870.21,5.0,FAIL,66297.9,-11.4,241.65,237.52,1.7,,
Bank of Maha,MAHABANK.NS,Banks,11988.24,15801.91,14.8,FAIL,14109.54,-10.7,79.26,63.01,25.8,,
Bandhan Bank,BANDHANBNK.NS,Banks,12485.94,13563.71,4.2,FAIL,9938.22,-26.7,172.72,214.46,-19.5,,
Berger Paints,BERGEPAINT.NS,Consumer Durables,11199.0,11880.0,3.0,FAIL,11880.0,0.0,521.35,547.69,-4.8,21.6,
Bata India,BATAINDIA.NS,Consumer Durables,3452.0,3489.0,0.5,FAIL,3516.0,0.8,700.05,1572.83,-55.5,12.7,
Bayer Crop Sci.,BAYERCROP.NS,Fertilizers & Agrochemicals,4892.1,5498.0,6.0,FAIL,5675.0,3.2,4226.5,6639.59,-36.3,20.1,
BEML Ltd,BEML.NS,"Agricultural, Commercial & Construction Vehicles",3965.38,4350.53,4.7,FAIL,4350.53,-0.0,1756.4,2252.85,-22.0,7.9,
Belrise Industri,BELRISE.NS,Auto Components,7309.53,9509.1,14.1,FAIL,9509.1,0.0,232.79,97.04,139.9,20.6,
Bharti Airtel,BHARTIARTL.NS,Telecom - Services,149982.4,210972.8,18.6,PASS,210972.8,-0.0,1956.8,1452.7,34.7,30.6,
Bharat Forge,BHARATFORG.NS,Auto Components,15042.94,16223.81,3.9,FAIL,16811.65,3.6,2164.7,1714.34,26.3,23.3,
Bharat Electron,BEL.NS,Aerospace & Defense,19905.49,27610.11,17.8,PASS,28717.35,4.0,384.9,311.41,23.6,34.1,
Bharti Hexacom,BHARTIHEXA.NS,Telecom - Services,7088.8,9353.8,14.9,FAIL,9353.8,0.0,1654.0,1127.16,46.7,38.0,
Bharat Dynamics,BDL.NS,Aerospace & Defense,2358.86,2415.36,1.2,FAIL,2441.79,1.1,1245.9,1448.27,-14.0,8.2,
BLS Internat.,BLS.NS,Leisure Services,1677.0,2998.0,33.7,PASS,2998.0,0.0,238.75,355.51,-32.8,29.3,
Billionbrains,GROWW.NS,Capital Markets,2794.0,4645.0,28.9,PASS,5242.0,12.9,192.33,131.33,46.4,37.3,
Bikaji Foods,BIKAJI.NS,Food Products,2234.41,2934.74,14.6,FAIL,2993.86,2.0,643.7,712.91,-9.7,23.9,
Birlasoft Ltd,BSOFT.NS,IT - Software,5278.15,5309.96,0.3,FAIL,5404.46,1.8,306.3,652.64,-53.1,20.4,
Biocon,BIOCON.NS,Pharmaceuticals & Biotechnology,14195.8,16779.9,8.7,FAIL,16927.0,0.9,425.35,361.43,17.7,6.8,
Brainbees Solut.,FIRSTCRY.NS,Retailing,6481.0,8548.0,14.8,FAIL,8548.0,0.0,211.93,679.1,-68.8,0.57,
Blue Dart Expres,BLUEDART.NS,Transport Services,5268.0,6141.0,8.0,FAIL,6141.0,0.0,5025.9,8140.27,-38.3,16.6,
Blue Star,BLUESTARCO.NS,Consumer Durables,9685.0,12402.0,13.2,FAIL,12402.0,0.0,1691.4,1707.09,-0.9,21.2,
Bosch,BOSCHLTD.NS,Auto Components,16727.0,20035.0,9.4,FAIL,20035.0,0.0,41550.0,34510.05,20.4,21.5,
Blue Jet Health,BLUEJET.NS,Pharmaceuticals & Biotechnology,710.32,947.32,15.5,PASS,499.0,-47.3,612.45,471.56,29.9,57.3,
Brigade Enterpr.,BRIGADE.NS,Realty,4897.0,5697.0,7.9,FAIL,5697.0,0.0,565.1,940.85,-39.9,10.5,
C D S L,CDSL.NS,Capital Markets,812.0,1145.0,18.7,PASS,1145.0,0.0,1336.4,1229.42,8.7,32.0,
Britannia Inds.,BRITANNIA.NS,Food Products,16769.0,19152.0,6.9,FAIL,19152.0,0.0,5524.5,5636.26,-2.0,56.0,
C P C L,CHENNPETRO.NS,Petroleum Products,66024.0,63640.0,-1.8,FAIL,76197.0,19.7,1238.2,981.87,26.1,35.1,
BSE,BSE.NS,Capital Markets,1568.0,4834.0,75.6,PASS,4834.0,0.0,3530.3,847.24,316.7,58.0,
C.E. Info System,MAPMYINDIA.NS,IT - Software,379.0,474.0,11.8,FAIL,474.0,0.0,1184.75,2371.46,-50.0,19.1,
Cams Services,CAMS.NS,Capital Markets,1137.0,1516.0,15.5,PASS,1516.0,0.0,793.15,876.47,-9.5,47.0,
Canara Bank,CANBK.NS,Banks,110519.0,126371.0,6.9,FAIL,127805.0,1.1,124.28,107.21,15.9,6.52,
Canara HSBC,CANHLIFE.NS,Insurance,,,,,,,,,,,"Not enough data. Need 3 years, got 2: ['FY25', 'FY26']"
Can Fin Homes,CANFINHOME.NS,Finance,1268.27,1646.6,13.9,FAIL,1692.87,2.8,816.3,822.37,-0.7,,
Cartrade Tech,CARTRADE.NS,Retailing,490.0,779.0,26.1,PASS,807.0,3.6,2791.7,867.75,221.7,11.8,
Caplin Point Lab,CAPLIPOINT.NS,Pharmaceuticals & Biotechnology,1467.0,1937.0,14.9,FAIL,2187.0,12.9,2536.3,1564.64,62.1,24.6,
Capri Global,CGCL.NS,Finance,2313.0,4731.0,43.0,PASS,5306.0,12.2,220.8,208.6,5.8,11.7,
Carborundum Uni.,CARBORUNIV.NS,Industrial Products,4702.0,5206.0,5.2,FAIL,5206.0,0.0,1051.0,1708.44,-38.5,10.5,
Castrol India,CASTROLIND.NS,Petroleum Products,5053.86,5700.32,6.2,FAIL,5850.36,2.6,184.82,237.04,-22.0,70.1,
Central Bank,CENTRALBK.NS,Banks,30849.0,36168.0,8.3,FAIL,37270.0,3.0,31.02,61.27,-49.4,5.64,
CESC,CESC.NS,Power,15293.0,18570.0,10.2,FAIL,18570.0,0.0,164.93,162.04,1.8,10.6,
CCL Products,CCL.NS,Agricultural Food & other Products,2654.0,4457.0,29.6,PASS,4602.0,3.3,1174.0,667.47,75.9,15.8,
CEAT,CEATLTD.NS,Auto Components,11943.0,15678.0,14.6,FAIL,16467.0,5.0,3464.0,2633.45,31.5,19.2,
Cemindia Project,CEMPRO.NS,Construction,5091.0,9246.0,34.8,PASS,10205.0,10.4,1358.7,508.56,167.2,32.8,
Chalet Hotels,CHALET.NS,Leisure Services,1417.0,2770.0,39.8,PASS,2387.0,-13.8,805.0,842.62,-4.5,17.1,
Chambal Fert.,CHAMBLFERT.NS,Fertilizers & Agrochemicals,17966.0,20794.0,7.6,FAIL,20794.0,0.0,445.85,499.33,-10.7,25.5,
Choice Intl.,CHOICEIN.NS,Finance,756.0,1119.0,21.7,PASS,1119.0,0.0,798.7,399.25,100.1,18.0,
Chola Financial,CHOLAHLDNG.NS,Finance,25830.0,39156.0,23.1,PASS,39156.0,0.0,1503.4,1516.07,-0.8,9.75,
CG Power & Ind,CGPOWER.NS,Electrical Equipment,8046.0,12418.0,24.2,PASS,12821.0,3.2,832.6,732.92,13.6,26.7,
Cholaman.Inv.&Fn,CHOLAFIN.NS,Finance,19163.0,31120.0,27.4,PASS,32663.0,5.0,1773.8,1413.02,25.5,9.71,
Clean Science,CLEAN.NS,Chemicals & Petrochemicals,791.0,957.0,10.0,FAIL,957.0,0.0,729.05,1606.69,-54.6,20.6,
CIE Automotive,CIEINDIA.NS,Auto Components,8753.0,8964.0,1.2,FAIL,9997.0,11.5,411.9,570.48,-27.8,14.7,
Cipla,CIPLA.NS,Pharmaceuticals & Biotechnology,25774.0,28163.0,4.5,FAIL,28324.0,0.6,1466.4,1501.05,-2.3,15.5,
City Union Bank,CUB.NS,Banks,2865.09,3864.92,16.1,PASS,3712.22,-4.0,215.48,126.83,69.9,,
Cohance Life,COHANCE.NS,Pharmaceuticals & Biotechnology,1051.0,2269.0,46.9,PASS,2269.0,0.0,425.3,997.2,-57.4,8.35,
Colgate-Palmoliv,COLPAL.NS,Personal Products,1470.0,1960.0,15.5,PASS,1960.0,0.0,2084.8,3274.58,-36.3,179.0,
Cochin Shipyard,COCHINSHIP.NS,Industrial Manufacturing,3830.0,5022.0,14.5,FAIL,5022.0,0.0,1402.1,2586.45,-45.8,16.0,
Coforge,COFORGE.NS,IT - Software,9009.0,16403.0,34.9,PASS,18195.0,10.9,1746.9,1239.65,40.9,23.5,
Coal India,COALINDIA.NS,Consumable Fuels,144762.0,168400.0,7.9,FAIL,157856.0,-6.3,417.2,459.13,-9.1,35.3,
Concord Biotech,CONCORDBIO.NS,Pharmaceuticals & Biotechnology,1017.0,1055.0,1.9,FAIL,1055.0,0.0,1330.0,1620.3,-17.9,17.1,
Container Corpn.,CONCOR.NS,Transport Services,8653.0,9079.0,2.4,FAIL,9085.0,0.1,525.15,1009.69,-48.0,12.4,
CreditAcc. Gram.,CREDITACC.NS,Finance,5167.0,6059.0,8.3,FAIL,6380.0,5.3,1614.0,1327.65,21.6,9.98,
Craftsman Auto,CRAFTSMAN.NS,Auto Components,4452.0,8069.0,34.6,PASS,8717.0,8.0,10047.0,5577.99,80.1,13.9,
Coromandel Inter,COROMANDEL.NS,Fertilizers & Agrochemicals,22058.0,31480.0,19.5,PASS,32602.0,3.6,2054.2,1642.34,25.1,22.0,
Cummins India,CUMMINSIND.NS,Industrial Products,9000.0,12143.0,16.2,PASS,12143.0,0.0,5396.0,3743.61,44.1,39.5,
CRISIL,CRISIL.NS,Finance,3140.0,3649.0,7.8,FAIL,4126.0,13.1,4406.8,4264.15,3.3,32.6,
Crompton Gr. Con,CROMPTON.NS,Consumer Durables,7313.0,8096.0,5.2,FAIL,8096.0,0.0,260.3,442.1,-41.1,18.1,
Cyient,CYIENT.NS,IT - Services,7147.0,7268.0,0.8,FAIL,7632.0,5.0,847.7,1703.9,-50.2,12.3,
Dabur India,DABUR.NS,Personal Products,12404.0,13193.0,3.1,FAIL,13552.0,2.7,426.1,614.88,-30.7,20.3,
Deepak Nitrite,DEEPAKNTR.NS,Chemicals & Petrochemicals,7682.0,7887.0,1.3,FAIL,7887.0,0.0,1643.9,3065.55,-46.4,11.4,
Dalmia BharatLtd,DALBHARAT.NS,Cement & Cement Products,14691.0,14804.0,0.4,FAIL,15058.0,1.7,1794.2,1833.12,-2.1,7.59,
DCM Shriram,DCMSHRIRAM.NS,Diversified,10922.0,13538.0,11.3,FAIL,13840.0,2.2,1055.9,1045.64,1.0,11.5,
Deepak Fertilis.,DEEPAKFERT.NS,Chemicals & Petrochemicals,8676.0,11506.0,15.2,PASS,12104.0,5.2,1532.4,916.06,67.3,11.6,
Data Pattern,DATAPATTNS.NS,Aerospace & Defense,519.8,924.77,33.4,PASS,924.77,-0.0,4462.0,3171.95,40.7,21.6,
Delhivery,DELHIVERY.NS,Transport Services,8142.0,10508.0,13.6,FAIL,10508.0,0.0,468.3,404.0,15.9,2.82,
DLF,DLF.NS,Realty,6427.0,8194.0,12.9,FAIL,8194.0,0.0,654.85,871.75,-24.9,6.32,
Divi's Lab.,DIVISLAB.NS,Pharmaceuticals & Biotechnology,7845.0,10560.0,16.0,PASS,10560.0,0.0,7835.0,4850.98,61.5,22.0,
Devyani Intl.,DEVYANI.NS,Leisure Services,3556.0,5611.0,25.6,PASS,5835.0,4.0,118.53,179.34,-33.9,4.75,
Dixon Technolog.,DIXON.NS,Consumer Durables,17691.0,48873.0,66.2,PASS,48873.0,0.0,14338.0,12096.74,18.5,42.0,
DOMS Industries,DOMS.NS,Household Products,1537.0,2326.0,23.0,PASS,2326.0,0.0,2255.0,2359.78,-4.4,24.3,
Eicher Motors,EICHERMOT.NS,Automobiles,14442.0,18870.0,14.3,FAIL,24998.0,32.5,7912.5,4845.49,63.3,30.5,
Dr Lal Pathlabs,LALPATHLAB.NS,Healthcare Services,2227.0,2763.0,11.4,FAIL,2891.0,4.6,1878.8,1515.17,24.0,28.0,
eClerx Services,ECLERX.NS,Commercial Services & Supplies,2926.0,4117.0,18.6,PASS,4117.0,0.0,1910.9,1197.06,59.6,34.8,
Dr Reddy's Labs,DRREDDY.NS,Pharmaceuticals & Biotechnology,28011.0,33700.0,9.7,FAIL,33228.0,-1.4,1144.8,1333.14,-14.1,13.0,
Emami,EMAMILTD.NS,Personal Products,3578.0,3780.0,2.8,FAIL,3780.0,0.0,403.35,785.72,-48.7,29.6,
Elgi Equipments,ELGIEQUIP.NS,Industrial Products,3218.0,3951.0,10.8,FAIL,3951.0,0.0,569.15,686.84,-17.1,22.1,
EID Parry,EIDPARRY.NS,Food Products,29413.0,38534.0,14.5,FAIL,38534.0,0.0,763.2,820.9,-7.0,17.0,
EIH,EIHOTEL.NS,Leisure Services,2511.0,2940.0,8.2,FAIL,2940.0,0.0,332.05,438.96,-24.4,20.7,
Elecon Engg.Co,ELECON.NS,Electrical Equipment,1937.0,2366.0,10.5,FAIL,2396.0,1.3,417.25,625.75,-33.3,20.9,
Emmvee Photovol.,EMMVEE.NS,Electrical Equipment,952.0,5050.0,130.3,PASS,5578.0,10.5,307.45,219.4,40.1,44.8,
Engineers India,ENGINERSIN.NS,Construction,3281.0,3928.0,9.4,FAIL,3928.0,0.0,221.98,251.97,-11.9,30.6,
Endurance Tech.,ENDURANCE.NS,Auto Components,10241.0,14596.0,19.4,PASS,14596.0,0.0,2804.3,2582.2,8.6,17.8,
ERIS Lifescience,ERIS.NS,Pharmaceuticals & Biotechnology,2009.0,3129.0,24.8,PASS,3230.0,3.2,1375.2,1120.34,22.7,14.1,
Emcure Pharma,EMCURE.NS,Pharmaceuticals & Biotechnology,6658.0,9204.0,17.6,PASS,9204.0,0.0,1910.9,1303.4,46.6,24.0,
Eternal,ETERNAL.NS,Retailing,12114.0,54364.0,111.8,PASS,67408.0,24.0,310.65,229.45,35.4,2.97,
Escorts Kubota,ESCORTS.NS,"Agricultural, Commercial & Construction Vehicles",9804.0,11540.0,8.5,FAIL,11540.0,0.0,3013.6,4070.52,-26.0,13.9,
Exide Inds.,EXIDEIND.NS,Auto Components,16770.0,17995.0,3.6,FAIL,18829.0,4.6,452.7,518.09,-12.6,8.54,
Federal Bank,FEDERALBNK.NS,Banks,23565.0,29674.0,12.2,FAIL,30385.0,2.4,354.15,199.0,78.0,6.39,
F A C T,FACT.NS,Fertilizers & Agrochemicals,6198.0,4051.0,-19.2,FAIL,5293.0,30.7,815.45,1026.17,-20.5,8.65,
Fortis Health.,FORTIS.NS,Healthcare Services,6893.0,9128.0,15.1,PASS,9128.0,0.0,948.85,500.78,89.5,13.4,
Force Motors,FORCEMOT.NS,Automobiles,6992.0,9057.0,13.8,FAIL,9200.0,1.6,17618.0,9202.37,91.5,36.1,
Five-Star Bus.Fi,FIVESTAR.NS,Finance,87.0,409.0,116.8,PASS,409.0,0.0,553.0,754.44,-26.7,17.0,
Firstsour.Solu.,FSL.NS,Commercial Services & Supplies,6336.0,9556.0,22.8,PASS,9556.0,0.0,299.62,264.66,13.2,16.8,
Finolex Cables,FINCABLES.NS,Industrial Products,5014.0,6321.0,12.3,FAIL,6321.0,0.0,973.0,1510.2,-35.6,16.0,
FSN E-Commerce,NYKAA.NS,Retailing,6386.0,10022.0,25.3,PASS,10022.0,0.0,333.75,192.99,72.9,17.2,
GAIL (India),GAIL.NS,Gas,133228.0,141598.0,3.1,FAIL,141598.0,0.0,173.64,223.88,-22.4,9.68,
G M D C,GMDCLTD.NS,Minerals & Mining,2463.0,2653.0,3.8,FAIL,2653.0,0.0,559.65,383.17,46.1,10.8,
Gabriel India,GABRIEL.NS,Auto Components,3403.0,5245.0,24.1,PASS,5165.0,-1.5,1392.0,491.63,183.1,40.4,
Gallantt Ispat L,GALLANTT.NS,Industrial Products,4227.0,4419.0,2.2,FAIL,4437.0,0.4,585.35,310.2,88.7,18.2,
General Insuranc,GICRE.NS,Insurance,45978.0,52986.0,7.4,FAIL,52986.0,0.0,356.7,407.86,-12.5,17.4,
GE Shipping Co,GESHIP.NS,Transport Services,5255.0,5409.0,1.5,FAIL,5409.0,0.0,1371.3,1312.42,4.5,15.8,
GE Vernova T&D,GVT&D.NS,Electrical Equipment,3162.41,6206.31,40.1,PASS,4020.0,-35.2,4202.3,1580.27,165.9,60.1,
Gillette India,GILLETTE.NS,Personal Products,2256.16,2633.08,8.0,FAIL,3099.53,17.7,7719.0,7531.53,2.5,61.0,
Garden Reach Sh.,GRSE.NS,Aerospace & Defense,2547.84,5070.98,41.1,PASS,7506.9,48.0,2586.2,2372.79,9.0,34.3,
Glenmark Pharma.,GLENMARK.NS,Pharmaceuticals & Biotechnology,11813.0,16983.0,19.9,PASS,16983.0,0.0,2190.3,1463.06,49.7,39.8,
GMR Airports,GMRAIRPORT.NS,Transport Infrastructure,8755.0,14807.0,30.0,PASS,14807.0,0.0,103.91,101.73,2.1,11.6,
Glaxosmi. Pharma,GLAXO.NS,Pharmaceuticals & Biotechnology,3252.0,3749.0,7.4,FAIL,3822.0,1.9,2610.7,2616.55,-0.2,61.4,
Gland Pharma,GLAND.NS,Pharmaceuticals & Biotechnology,5665.0,6431.0,6.5,FAIL,6431.0,0.0,2517.0,2100.16,19.8,15.1,
Global Health,MEDANTA.NS,Healthcare Services,3275.0,4410.0,16.0,PASS,4410.0,0.0,1416.4,1241.45,14.1,17.1,
Godrej Industrie,GODREJIND.NS,Diversified,16601.0,22237.0,15.7,PASS,22237.0,0.0,1309.4,906.75,44.4,8.17,
Godrej Consumer,GODREJCP.NS,Personal Products,14096.0,15178.0,3.8,FAIL,15178.0,0.0,1072.1,1393.37,-23.1,18.8,
Godfrey Phillips,GODFRYPHLP.NS,Cigarettes & Tobacco Products,4018.0,6391.0,26.1,PASS,6110.0,-4.4,2131.8,1371.94,55.4,32.8,
Godawari Power,GPIL.NS,Industrial Products,5445.0,5381.0,-0.6,FAIL,5381.0,0.0,249.35,222.04,12.3,20.4,
Go Digit General,GODIGIT.NS,Insurance,8665.58,10582.72,10.5,FAIL,10198.87,-3.6,254.95,350.65,-27.3,,
Gravita India,GRAVITA.NS,Minerals & Mining,3161.0,4265.0,16.2,PASS,4700.0,10.2,1578.1,1634.68,-3.5,17.0,
Grasim Inds,GRASIM.NS,Cement & Cement Products,130978.0,175431.0,15.7,PASS,175431.0,0.0,3104.8,2756.09,12.7,8.01,
Graphite India,GRAPHITE.NS,Industrial Products,2950.0,2852.0,-1.7,FAIL,2852.0,0.0,665.7,516.56,28.9,4.58,
Godrej Propert.,GODREJPROP.NS,Realty,3036.0,5131.0,30.0,PASS,5131.0,0.0,2110.9,3204.06,-34.1,7.63,
Granules India,GRANULES.NS,Pharmaceuticals & Biotechnology,4506.0,5366.0,9.1,FAIL,5632.0,5.0,833.95,626.87,33.0,15.5,
H U D C O,HUDCO.NS,Finance,7831.0,13150.0,29.6,PASS,13930.0,5.9,197.11,296.03,-33.4,8.41,
HBL Engineering,HBLENGINE.NS,Industrial Products,2233.0,3303.0,21.6,PASS,3303.0,0.0,699.3,615.78,13.6,58.4,
Gujarat Fluoroch,FLUOROCHEM.NS,Chemicals & Petrochemicals,4281.0,4996.0,8.0,FAIL,4996.0,0.0,4395.0,3380.24,30.0,9.86,
Havells India,HAVELLS.NS,Consumer Durables,18590.0,22528.0,10.1,FAIL,23591.0,4.7,1261.7,1823.4,-30.8,24.9,
H P C L,HINDPETRO.NS,Petroleum Products,433857.0,441771.0,0.9,FAIL,471530.0,6.7,388.45,367.6,5.7,22.2,
HDB FINANC SER,HDBFS.NS,Finance,12403.0,16300.0,14.6,FAIL,16300.0,0.0,680.95,836.3,-18.6,9.79,
HCL Technologies,HCLTECH.NS,IT - Software,101456.0,117055.0,7.4,FAIL,134374.0,14.8,1352.7,1516.02,-10.8,30.4,
HDFC Bank,HDFCBANK.NS,Banks,283649.0,348615.0,10.9,FAIL,351819.0,0.9,753.95,784.13,-3.8,7.02,
HDFC Life Insur.,HDFCLIFE.NS,Insurance,101482.0,99432.0,-1.0,FAIL,103727.0,4.3,545.4,710.99,-23.3,10.3,
HDFC AMC,HDFCAMC.NS,Capital Markets,3160.0,4616.0,20.9,PASS,4254.0,-7.8,2546.3,1976.01,28.9,42.9,
HEG,HEG.NS,Industrial Products,2393.0,2568.0,3.6,FAIL,2639.0,2.8,659.25,440.8,49.6,8.35,
Hexaware Tech.,HEXT.NS,IT - Software,10380.0,13430.0,13.7,FAIL,14420.0,7.4,575.55,735.66,-21.8,30.1,
Himadri Special,HSCL.NS,Chemicals & Petrochemicals,4185.0,4661.0,5.5,FAIL,4974.0,6.7,760.5,428.08,77.7,22.1,
HFCL,HFCL.NS,Telecom - Services,4465.0,4949.0,5.3,FAIL,5993.0,21.1,184.69,134.18,37.6,10.9,
Hero Motocorp,HEROMOTOCO.NS,Automobiles,37789.0,47411.0,12.0,FAIL,47411.0,0.0,5325.0,5061.37,5.2,35.2,
Hindustan Zinc,HINDZINC.NS,Non - Ferrous Metals,28932.0,40844.0,18.8,PASS,46820.0,14.6,535.9,600.63,-10.8,69.5,
Hind.Aeronautics,HAL.NS,Aerospace & Defense,30381.0,33089.0,4.4,FAIL,33089.0,0.0,4581.4,4817.64,-4.9,32.0,
Hind. Unilever,HINDUNILVR.NS,Diversified FMCG,61896.0,64468.0,2.1,FAIL,66052.0,2.5,2107.9,2599.61,-18.9,28.4,
Hindalco Inds.,HINDALCO.NS,Non - Ferrous Metals,215962.0,274944.0,12.8,FAIL,274944.0,0.0,970.4,657.51,47.6,13.2,
Hindustan Copper,HINDCOPPER.NS,Non - Ferrous Metals,1717.0,3078.0,33.9,PASS,3078.0,0.0,480.25,318.52,50.8,42.5,
Honasa Consumer,HONASA.NS,Personal Products,1920.0,2392.0,11.6,FAIL,2392.0,0.0,445.95,465.15,-4.1,19.2,
Hyundai Motor I,HYUNDAI.NS,Automobiles,69829.0,70763.0,0.7,FAIL,70763.0,0.0,2018.2,1802.15,12.0,38.4,
Home First Finan,HOMEFIRST.NS,Finance,979.55,1656.17,30.0,PASS,1130.4,-31.7,1188.2,1032.07,15.1,5.1,
Hitachi Energy,POWERINDIA.NS,Electrical Equipment,5096.04,7918.24,24.7,PASS,8147.71,2.9,31250.0,11599.65,169.4,26.9,
Honeywell Auto,HONAUT.NS,Industrial Manufacturing,4054.8,4678.5,7.4,FAIL,4703.2,0.5,39505.0,54153.84,-27.1,16.9,
I R C T C,IRCTC.NS,Leisure Services,4260.0,5215.0,10.6,FAIL,5215.0,0.0,493.15,960.87,-48.7,46.1,
I O B,IOB.NS,Banks,24066.0,31896.0,15.1,PASS,33290.0,4.4,33.73,66.7,-49.4,6.12,
I O C L,IOC.NS,Petroleum Products,776352.0,784415.0,0.5,FAIL,784415.0,0.0,139.94,170.39,-17.9,18.8,
ICICI AMC,ICICIAMC.NS,Capital Markets,3375.9,5764.63,30.7,PASS,4977.0,-13.7,3051.4,2562.37,19.1,100.6,
I R F C,IRFC.NS,Finance,26530.42,27265.83,1.4,FAIL,7208.77,-73.6,88.92,187.07,-52.5,1.4,
IDFC First Bank,IDFCFIRSTB.NS,Banks,30325.0,40549.0,15.6,PASS,41958.0,3.5,84.76,75.74,11.9,5.98,
ICICI Bank,ICICIBANK.NS,Banks,159516.0,195218.0,10.6,FAIL,198379.0,1.6,1433.9,1195.31,20.0,7.18,
ICICI Pru Life,ICICIPRULI.NS,Insurance,89683.0,63357.0,-15.9,FAIL,63357.0,0.0,510.6,732.43,-30.3,10.1,
IDBI Bank,IDBI.NS,Banks,26446.0,29020.0,4.8,FAIL,29542.0,1.8,84.04,101.51,-17.2,5.92,
ICICI Lombard,ICICIGI.NS,Insurance,21768.14,28140.82,13.7,FAIL,27705.85,-1.5,1637.9,1980.63,-17.3,,
Indegene,INDGN.NS,Healthcare Services,2590.0,3510.0,16.4,PASS,3510.0,0.0,514.7,608.21,-15.4,18.8,
Indiamart Inter.,INDIAMART.NS,Retailing,1197.0,1569.0,14.5,FAIL,1611.0,2.7,1743.1,2803.49,-37.8,28.0,
India Cements,INDIACEM.NS,Cement & Cement Products,4998.0,4485.0,-5.3,FAIL,4479.0,-0.1,399.4,364.25,9.6,1.24,
IIFL Finance,IIFL.NS,Finance,10472.0,13366.0,13.0,FAIL,14344.0,7.3,607.85,438.8,38.5,10.9,
IFCI,IFCI.NS,Finance,1988.0,2069.0,2.0,FAIL,2069.0,0.0,73.52,87.33,-15.8,5.03,
Indian Energy Ex,IEX.NS,Capital Markets,449.0,616.0,17.1,PASS,632.0,2.6,131.4,183.87,-28.5,51.4,
Indraprastha Gas,IGL.NS,Gas,14000.0,16168.0,7.5,FAIL,16168.0,0.0,151.74,261.12,-41.9,17.9,
Indian Bank,INDIANB.NS,Banks,55650.0,67504.0,10.1,FAIL,69314.0,2.7,827.25,581.24,42.3,6.32,
Indian Hotels Co,INDHOTEL.NS,Leisure Services,6769.0,9689.0,19.6,PASS,9987.0,3.1,749.25,637.33,17.6,17.1,
Indian Renewable,IREDA.NS,Finance,4965.0,8310.0,29.4,PASS,8310.0,0.0,119.88,261.24,-54.1,8.69,
Infosys,INFY.NS,IT - Software,153670.0,178650.0,7.8,FAIL,184582.0,3.3,1155.1,1756.12,-34.2,40.0,
Inox Wind,INOXWIND.NS,Electrical Equipment,1746.0,4397.0,58.7,PASS,4397.0,0.0,74.98,183.62,-59.2,10.5,
Info Edg.(India),NAUKRI.NS,Retailing,2536.0,3285.0,13.8,FAIL,3285.0,0.0,1244.05,1389.95,-10.5,5.43,
Indus Towers,INDUSTOWER.NS,Telecom - Services,28601.0,32493.0,6.6,FAIL,32867.0,1.2,392.9,433.15,-9.3,19.5,
IndusInd Bank,INDUSINDBK.NS,Banks,45748.0,46251.0,0.5,FAIL,45297.0,-2.1,1011.45,1425.49,-29.0,5.68,
Inventurus Knowl,IKS.NS,IT - Services,1818.0,3194.0,32.5,PASS,3194.0,0.0,1782.3,1960.85,-9.1,36.9,
Intellect Design,INTELLECT.NS,IT - Software,2506.0,3038.0,10.1,FAIL,3038.0,0.0,705.5,954.69,-26.1,16.0,
International Gemological Instit,IGIL.NS,Commercial Services & Supplies,491.0,1053.0,46.4,PASS,1363.0,29.4,345.45,542.87,-36.4,69.2,
Interglobe Aviat,INDIGO.NS,Transport Services,68904.0,84962.0,11.0,FAIL,89050.0,4.8,5230.5,4464.66,17.2,5.24,
Ipca Labs.,IPCALAB.NS,Pharmaceuticals & Biotechnology,7662.0,9599.0,11.9,FAIL,9599.0,0.0,1758.8,1302.44,35.0,17.0,
ITI,ITI.NS,Telecom -  Equipment & Accessories,1264.0,2184.0,31.4,PASS,2184.0,0.0,273.45,309.15,-11.5,1.41,
Ircon Intl.,IRCON.NS,Construction,12514.0,9071.0,-14.9,FAIL,9071.0,0.0,125.63,280.42,-55.2,9.69,
IRB Infra.Devl.,IRB.NS,Construction,7409.0,7648.0,1.6,FAIL,7686.0,0.5,20.25,32.78,-38.2,7.48,
ITC,ITC.NS,Diversified FMCG,67932.0,78868.0,7.7,FAIL,78868.0,0.0,285.05,439.63,-35.2,38.9,
ITC Hotels,ITCHOTELS.NS,Leisure Services,2224.0,4139.0,36.4,PASS,4260.0,2.9,160.54,170.73,-6.0,11.2,
JBM Auto,JBMA.NS,Auto Components,5009.0,6088.0,10.2,FAIL,6088.0,0.0,678.45,1021.41,-33.6,14.8,
Jindal Saw,JINDALSAW.NS,Industrial Products,20958.0,17895.0,-7.6,FAIL,18263.0,2.1,254.3,318.26,-20.1,10.4,
J K Cements,JKCEMENT.NS,Cement & Cement Products,11556.0,13722.0,9.0,FAIL,14401.0,4.9,5567.0,4390.0,26.8,15.1,
Jain Resource,JAINREC.NS,Diversified Metals,4428.0,9543.0,46.8,PASS,9543.0,0.0,343.15,311.15,10.3,25.5,
J & K Bank,J&KBANK.NS,Banks,11213.0,13151.0,8.3,FAIL,13429.0,2.1,153.74,105.32,46.0,5.84,
Jindal Steel,JINDALSTEL.NS,Ferrous Metals,50354.0,53225.0,2.8,FAIL,56413.0,6.0,1093.7,984.23,11.1,9.7,
Jio Financial,JIOFIN.NS,Finance,1855.0,3513.0,37.6,PASS,4905.0,39.6,246.95,327.99,-24.7,1.86,
Jindal Stain.,JSL.NS,Ferrous Metals,38562.0,42955.0,5.5,FAIL,42955.0,0.0,737.75,734.51,0.4,19.3,
JM Financial,JMFINANCIL.NS,Finance,4787.0,4223.0,-6.1,FAIL,4223.0,0.0,121.35,100.3,21.0,11.6,
JK Tyre & Indust,JKTYRE.NS,Auto Components,15002.0,16327.0,4.3,FAIL,16327.0,0.0,397.25,436.45,-9.0,15.5,
JSW Infrast,JSWINFRA.NS,Transport Infrastructure,3763.0,5361.0,19.4,PASS,5582.0,4.1,319.05,337.07,-5.3,13.7,
JSW Energy,JSWENERGY.NS,Power,11486.0,18901.0,28.3,PASS,18965.0,0.3,543.7,722.68,-24.8,8.16,
JP Power Ven.,JPPOWER.NS,Power,6763.0,5563.0,-9.3,FAIL,5756.0,3.5,17.32,19.85,-12.7,6.97,
JSW Cement,JSWCEMENT.NS,Cement & Cement Products,6002.0,6501.0,4.1,FAIL,6501.0,0.0,131.29,145.53,-9.8,11.1,
JSW Dulux,JSWDULUX.NS,Consumer Durables,3962.0,3599.0,-4.7,FAIL,3599.0,0.0,2953.4,2730.46,8.2,22.7,
Jubilant Ingrev.,JUBLINGREA.NS,Chemicals & Petrochemicals,4136.0,4388.0,3.0,FAIL,4651.0,6.0,728.45,594.48,22.5,11.4,
Jupiter Wagons,JWL.NS,Industrial Manufacturing,3644.0,2916.0,-10.5,FAIL,2916.0,0.0,259.35,606.23,-57.2,9.16,
Jubilant Food.,JUBLFOOD.NS,Leisure Services,5655.0,9513.0,29.7,PASS,9513.0,0.0,439.8,596.06,-26.2,14.6,
JSW Steel,JSWSTEEL.NS,Ferrous Metals,175006.0,185470.0,2.9,FAIL,189687.0,2.3,1270.8,920.47,38.1,11.0,
Jubilant Pharmo,JUBLPHARMA.NS,Pharmaceuticals & Biotechnology,6703.0,8280.0,11.1,FAIL,8280.0,0.0,961.65,761.57,26.3,8.99,
